id;name;type;ra_deg;dec_deg;mag;majax;minax;const;common
M1;NGC1952;Nebuleuse;83.6332;22.0145;8.4;8;4;Tau;Crab Nebula
M2;NGC7089;Amas globulaire;323.3625;-0.8233;6.25;8.4;8.4;Aqr;
M3;NGC5272;Amas globulaire;205.5468;28.3754;6.39;16.2;16.2;CVn;
M4;NGC6121;Amas globulaire;245.8975;-26.5255;5.4;28.2;28.2;Sco;
M5;NGC5904;Amas globulaire;229.6406;2.0827;5.95;15;15;Se1;
M6;NGC6405;Amas ouvert;265.0865;-32.2542;4.2;15.6;15.6;Sco;Butterfly Cluster
M7;NGC6475;Amas ouvert;268.4632;-34.7928;3.3;22.2;22.2;Sco;Ptolemy's Cluster
M8;NGC6523;Nebuleuse;270.922;-24.3802;5.8;45;30;Sgr;Lagoon Nebula
M9;NGC6333;Amas globulaire;259.7991;-18.5162;8.42;6.9;6.9;Oph;
M10;NGC6254;Amas globulaire;254.2875;-4.0993;4.98;9.3;9.3;Oph;
M11;NGC6705;Amas ouvert;282.775;-6.27;5.8;9;9;Sct;Amas de l'Ecu de Sobieski
M12;NGC6218;Amas globulaire;251.8105;-1.9478;6.07;11.1;11.1;Oph;
M13;NGC6205;Amas globulaire;250.4235;36.4613;5.8;16.5;16.5;Her;Hercules Globular Cluster
M14;NGC6402;Amas globulaire;264.4007;-3.2459;5.73;;;Oph;
M15;NGC7078;Amas globulaire;322.4932;12.1668;6.3;11.1;11.1;Peg;
M16;NGC6611;Nebuleuse;274.7007;-13.8072;6;120;25;Se2;Eagle Nebula
M17;NGC6618;Nebuleuse;275.1963;-16.1715;7;12.6;12.6;Sgr;Checkmark Nebula
M18;NGC6613;Amas ouvert;274.9937;-17.102;6.9;6;6;Sgr;
M19;NGC6273;Amas globulaire;255.657;-26.2679;5.57;7.5;7.5;Oph;
M20;NGC6514;Nebuleuse;270.6755;-22.9719;8.5;28;28;Sgr;Trifid Nebula
M21;NGC6531;Amas ouvert;271.056;-22.4901;5.9;6;6;Sgr;
M22;NGC6656;Amas globulaire;279.1008;-23.9034;6.17;12.6;12.6;Sgr;
M23;NGC6494;Amas ouvert;269.2699;-18.9853;5.5;16.8;16.8;Sgr;
M24;IC4715;Amas ouvert;274.2338;-18.5146;4.5;120;60;Sgr;Small Sgr Star Cloud
M25;IC4725;Amas ouvert;277.9449;-19.1149;4.6;14.1;14.1;Sgr;
M26;NGC6694;Amas ouvert;281.3278;-9.3836;8.87;6;6;Sct;
M27;NGC6853;Nebuleuse;299.9016;22.721;7.4;6.7;6.7;Vul;Dumbbell Nebula
M28;NGC6626;Amas globulaire;276.137;-24.8698;6.9;5.1;5.1;Sgr;
M29;NGC6913;Amas ouvert;305.9907;38.5077;6.6;3.6;3.6;Cyg;
M30;NGC7099;Amas globulaire;325.0918;-23.1791;7.1;9;9;Cap;
M31;NGC0224;Galaxie;10.6848;41.2691;3.44;177.83;69.66;And;Andromeda Galaxy
M32;NGC0221;Galaxie;10.6743;40.8653;8.13;7.74;4.86;And;
M33;NGC0598;Galaxie;23.462;30.6602;5.79;62.09;36.73;Tri;Triangulum Galaxy
M34;NGC1039;Amas ouvert;40.5308;42.7461;5.2;22.5;22.5;Per;
M35;NGC2168;Amas ouvert;92.2711;24.3386;5.1;24;24;Gem;
M36;NGC1960;Amas ouvert;84.0739;34.1407;6;7.2;7.2;Aur;
M37;NGC2099;Amas ouvert;88.0765;32.553;5.6;11.4;11.4;Aur;
M38;NGC1912;Amas ouvert;82.177;35.8549;6.4;9.6;9.6;Aur;
M39;NGC7092;Amas ouvert;322.9513;48.4382;4.6;19.5;19.5;Cyg;
M40;Winnecke 4;Autre;185.5521;58.0828;8.4;0.8;0.8;UMa;Winnecke 4
M41;NGC2287;Amas ouvert;101.4998;-20.7542;4.5;12;12;CMa;
M42;NGC1976;Amas ouvert;83.8187;-5.3897;4;90;60;Ori;Great Orion Nebula
M43;NGC1982;Nebuleuse;83.8807;-5.2675;9;20;15;Ori;Mairan's Nebula
M44;NGC2632;Amas ouvert;130.0925;19.6721;3.1;108.6;108.6;Cnc;Beehive
M45;Melotte 22;Amas ouvert;56.75;24.1167;1.6;110;110;Tau;Pleiades
M46;NGC2437;Amas ouvert;115.4451;-14.81;6.1;21;21;Pup;
M47;NGC2422;Amas ouvert;114.1459;-14.4826;4.4;19.8;19.8;Pup;
M48;NGC2548;Amas ouvert;123.4299;-5.7504;5.8;28.2;28.2;Hya;
M49;NGC4472;Galaxie;187.4448;8.0005;8.28;10.21;8.38;Vir;
M50;NGC2323;Amas ouvert;105.6686;-8.364;5.9;14.1;14.1;Mon;
M51;NGC5194;Galaxie;202.4696;47.1952;8.36;13.71;11.67;CVn;Whirlpool Galaxy
M52;NGC7654;Amas ouvert;351.2017;61.5932;6.9;9.9;9.9;Cas;
M53;NGC5024;Amas globulaire;198.2301;18.1691;7.79;9;9;Com;
M54;NGC6715;Amas globulaire;283.7636;-30.4785;7.7;5.1;5.1;Sgr;
M55;NGC6809;Amas globulaire;294.9975;-30.9621;6.49;12;12;Sgr;
M56;NGC6779;Amas globulaire;289.148;30.1845;8.4;5.8;5.8;Lyr;
M57;NGC6720;Nebuleuse;283.3959;33.0286;8.8;1.27;1.27;Lyr;Ring Nebula
M58;NGC4579;Galaxie;189.4313;11.8182;10.3;5.01;3.84;Vir;
M59;NGC4621;Galaxie;190.5093;11.647;9.56;4.55;3.21;Vir;
M60;NGC4649;Galaxie;190.9166;11.5527;8.79;6.78;5.45;Vir;
M61;NGC4303;Galaxie;185.4787;4.4736;10.25;6.89;6.56;Vir;
M62;NGC6266;Amas globulaire;255.3025;-30.1124;7.39;7.8;7.8;Oph;
M63;NGC5055;Galaxie;198.9555;42.0293;8.61;11.83;7.16;CVn;Sunflower Galaxy
M64;NGC4826;Galaxie;194.1818;21.683;8.52;10.52;5.33;Com;Black Eye Galaxy
M65;NGC3623;Galaxie;169.733;13.0924;9.32;7.64;1.97;Leo;
M66;NGC3627;Galaxie;170.0623;12.9915;8.92;10.28;4.61;Leo;
M67;NGC2682;Amas ouvert;132.8339;11.8119;6.9;33;33;Cnc;
M68;NGC4590;Amas globulaire;189.8667;-26.743;7.96;6.6;6.6;Hya;
M69;NGC6637;Amas globulaire;277.8468;-32.348;8.31;5.7;5.7;Sgr;
M70;NGC6681;Amas globulaire;280.8027;-32.2919;9.06;6.6;6.6;Sgr;
M71;NGC6838;Amas globulaire;298.4421;18.7784;6.1;6.9;6.9;Sge;
M72;NGC6981;Amas globulaire;313.3663;-12.5371;8.96;4.5;4.5;Aqr;
M73;NGC6994;Autre;314.7332;-12.6355;8.9;;;Aqr;
M74;NGC0628;Galaxie;24.174;15.7837;9.31;9.89;9.33;Psc;
M75;NGC6864;Amas globulaire;301.5202;-21.9222;8.26;3.6;3.6;Sgr;
M76;NGC0650;Nebuleuse;25.582;51.5755;10.1;1.12;1.12;Per;Barbell Nebula
M77;NGC1068;Galaxie;40.6696;-0.0133;9.29;6.11;5.61;Cet;
M78;NGC2068;Nebuleuse;86.6909;0.0793;8;4.5;4.5;Ori;
M79;NGC1904;Amas globulaire;81.0441;-24.5242;8.16;7.2;7.2;Lep;
M80;NGC6093;Amas globulaire;244.2605;-22.9751;7.3;5.7;5.7;Sco;
M81;NGC3031;Galaxie;148.8882;69.0653;6.92;21.63;11.25;UMa;Bode's Galaxy
M82;NGC3034;Galaxie;148.9697;69.6794;8.3;10.99;5.11;UMa;Cigar Galaxy
M83;NGC5236;Galaxie;204.254;-29.8654;7.21;13.61;13.21;Hya;Southern Pinwheel Galaxy
M84;NGC4374;Galaxie;186.2656;12.887;9.79;7.41;6.44;Vir;
M85;NGC4382;Galaxie;186.3505;18.1915;9.05;6.95;5.35;Com;
M86;NGC4406;Galaxie;186.5489;12.9462;8.86;11.53;8.43;Vir;
M87;NGC4486;Galaxie;187.7059;12.3911;9;7.11;6.67;Vir;Virgo Galaxy
M88;NGC4501;Galaxie;187.9965;14.4204;10.33;8.65;4.38;Com;
M89;NGC4552;Galaxie;188.9159;12.5563;10.08;8.13;8;Vir;
M90;NGC4569;Galaxie;189.2075;13.1629;9.54;9.12;3.82;Vir;
M91;NGC4548;Galaxie;188.8602;14.4963;10.96;5.55;4.52;Com;
M92;NGC6341;Amas globulaire;259.2803;43.1365;6.52;14.4;14.4;Her;
M93;NGC2447;Amas ouvert;116.1218;-23.8531;6.2;15;15;Pup;
M94;NGC4736;Galaxie;192.7211;41.1204;8.24;7.74;6.68;CVn;
M95;NGC3351;Galaxie;160.9904;11.7038;9.77;7.23;4.45;Leo;
M96;NGC3368;Galaxie;161.6906;11.8199;9.21;8.26;5.51;Leo;
M97;NGC3587;Nebuleuse;168.6988;55.019;9.9;3.58;3.58;UMa;Owl Nebula
M98;NGC4192;Galaxie;183.4512;14.9003;10.84;11.04;2.66;Com;
M99;NGC4254;Galaxie;184.7067;14.4165;9.84;5.04;4.74;Com;Coma Pinwheel
M100;NGC4321;Galaxie;185.7285;15.8218;9.47;6.1;5.62;Com;
M101;NGC5457;Galaxie;210.8023;54.3489;7.9;23.99;23.07;UMa;
M102;NGC5866;Galaxie;226.6229;55.7632;9.89;6.31;2.72;Dra;
M103;NGC0581;Amas ouvert;23.3409;60.658;7.4;4.5;4.5;Cas;
M104;NGC4594;Galaxie;189.9976;-11.6231;8.59;8.45;4.91;Vir;Sombrero Galaxy
M105;NGC3379;Galaxie;161.9566;12.5816;9.27;4.89;4.25;Leo;
M106;NGC4258;Galaxie;184.7396;47.304;9.29;16.98;7.24;CVn;
M107;NGC6171;Amas globulaire;248.133;-13.0536;8.85;7.8;7.8;Oph;
M108;NGC3556;Galaxie;167.879;55.6741;10.05;3.98;1.66;UMa;
M109;NGC3992;Galaxie;179.3999;53.3745;9.88;8.07;5.64;UMa;
M110;NGC0205;Galaxie;10.092;41.6853;8.15;16.22;9.59;And;
